{
  "trees": {
    "A": {
      "name": "Tree A",
      "width": 145.52083,
      "height": 307.44583,
      "x": -396.69382,
      "y": 48.972736,
      "rotation": -86.174394,
      "corners": [
        [
          22.396272155718897,
          399.0773392351977
        ],
        [
          32.105395773247544,
          253.88076598889674
        ],
        [
          338.8661596780768,
          274.39349649739984
        ],
        [
          329.1570360605482,
          419.59006974370084
        ]
      ]
    },
    "B": {
      "name": "Tree B",
      "width": 145.52083,
      "height": 307.44583,
      "x": -131.75893,
      "y": 155.80266,
      "rotation": -59.784596,
      "corners": [
        [
          68.3272547958555,
          192.26614561560945
        ],
        [
          141.56094561619415,
          66.51584345804031
        ],
        [
          407.23704174335785,
          221.2386612032552
        ],
        [
          334.0033509230192,
          346.98896336082436
        ]
      ]
    },
    "C": {
      "name": "Tree C",
      "width": 145.52083,
      "height": 307.44583,
      "x": 306.38754,
      "y": 12.700001,
      "rotation": 0,
      "corners": [
        [
          306.38754,
          12.700001
        ],
        [
          451.90837,
          12.700001
        ],
        [
          451.90837,
          320.145831
        ],
        [
          306.38754,
          320.145831
        ]
      ]
    },
    "D": {
      "name": "Tree D",
      "width": 145.52083,
      "height": 307.44583,
      "x": 380.92538,
      "y": -513.9856,
      "rotation": 60.054601,
      "corners": [
        [
          635.5175185379891,
          73.50391667674006
        ],
        [
          708.1578030750971,
          199.59793329234668
        ],
        [
          441.75553202964636,
          353.0670453840476
        ],
        [
          369.11524749253823,
          226.973028768441
        ]
      ]
    }
  },
  "overallBoundingBox": {
    "x": 22.396272155718897,
    "y": 12.700001,
    "width": 685.7615309193783,
    "height": 406.89006874370085,
    "centerX": 365.277037615408,
    "centerY": 216.1450353718504
  }
}
