{
  "A": {
    "tree": "A",
    "x": 218.54584,
    "y": 381.52917,
    "width": 88.370834,
    "height": 12.170834
  },
  "B": {
    "tree": "B",
    "x": 171.10622,
    "y": 102.31457,
    "width": 88.370834,
    "height": 12.170834
  },
  "C": {
    "tree": "C",
    "x": 421.13748,
    "y": 61.833332,
    "width": 88.370834,
    "height": 12.170834
  },
  "D": {
    "tree": "D",
    "x": 569.56873,
    "y": 241.48541,
    "width": 88.370834,
    "height": 12.170834
  }
}
