{
  "container-a-0": {
    "x": 152.777555,
    "y": 175.65441
  },
  "container-a-2-1": {
    "x": 119.39493999999999,
    "y": 175.52456500000002
  },
  "container-a-2-2": {
    "x": 112.597635,
    "y": 185.51889500000001
  },
  "container-a-2-3": {
    "x": 94.29941500000001,
    "y": 192.29397500000002
  },
  "container-a-2-4": {
    "x": 67.44951499999999,
    "y": 186.981895
  },
  "container-a-2-5": {
    "x": 55.49142,
    "y": 186.689105
  },
  "container-a-1-3": {
    "x": 96.557105,
    "y": 160.58359000000002
  },
  "container-a-3-1": {
    "x": 68.56284500000001,
    "y": 171.82153000000002
  },
  "container-a-1-4": {
    "x": 69.79914,
    "y": 155.836465
  },
  "container-a-1-1": {
    "x": 126.713705,
    "y": 160.35527000000002
  },
  "container-a-1-5": {
    "x": 57.82841,
    "y": 154.69674
  },
  "container-a-3-2": {
    "x": 56.809105,
    "y": 170.59701
  },
  "container-a-1-6-3-3": {
    "x": 30.898464500000003,
    "y": 155.72297
  },
  "container-a-1-2": {
    "x": 114.600425,
    "y": 159.465225
  },
  "container-a-2-6-3-3": {
    "x": 28.355577,
    "y": 187.398525
  },
  "container-b-0": {
    "x": 167.029345,
    "y": 145.04201
  },
  "container-b-1-1": {
    "x": 138.257375,
    "y": 138.25430500000002
  },
  "container-b-1-2": {
    "x": 127.78754,
    "y": 132.03887500000002
  },
  "container-b-2-1": {
    "x": 141.008245,
    "y": 121.278995
  },
  "container-b-2-2": {
    "x": 141.182515,
    "y": 109.330105
  },
  "container-b-2-3": {
    "x": 127.987255,
    "y": 98.290735
  },
  "container-b-1-3": {
    "x": 111.85707,
    "y": 125.86798
  },
  "container-b-3-1": {
    "x": 97.08827500000001,
    "y": 95.84206
  },
  "container-b-2-4": {
    "x": 104.7739,
    "y": 81.9237
  },
  "container-b-2-5": {
    "x": 94.43009,
    "y": 75.9417
  },
  "container-b-3-2": {
    "x": 86.38622000000001,
    "y": 89.689965
  },
  "container-b-1-5": {
    "x": 78.48243500000001,
    "y": 103.606515
  },
  "container-b-1-6-3-3": {
    "x": 54.942505,
    "y": 93.207715
  },
  "container-b-2-6-3-3": {
    "x": 71.100695,
    "y": 65.440425
  },
  "container-b-1-4": {
    "x": 88.857595,
    "y": 109.7474
  },
  "container-c-0": {
    "x": 186.01861499999998,
    "y": 134.854815
  },
  "container-c-2-1": {
    "x": 207.24247499999998,
    "y": 109.367715
  },
  "container-c-2-2": {
    "x": 207.308405,
    "y": 97.907155
  },
  "container-c-1-1": {
    "x": 164.83195999999998,
    "y": 109.56924
  },
  "container-c-1-3": {
    "x": 175.585935,
    "y": 89.719505
  },
  "container-c-2-3": {
    "x": 196.643485,
    "y": 89.955695
  },
  "container-c-2-6-3-3": {
    "x": 196.580615,
    "y": 32.8934495
  },
  "container-c-1-6-3-3": {
    "x": 175.38414,
    "y": 32.418217
  },
  "container-c-1-5": {
    "x": 164.847535,
    "y": 52.78543
  },
  "container-c-1-4": {
    "x": 164.743255,
    "y": 64.310385
  },
  "container-c-3-2": {
    "x": 185.94752,
    "y": 52.86977
  },
  "container-c-3-1": {
    "x": 186.092445,
    "y": 64.458725
  },
  "container-c-2-4": {
    "x": 207.11305,
    "y": 64.602225
  },
  "container-c-2-5": {
    "x": 207.30128,
    "y": 52.98601
  },
  "container-c-1-2": {
    "x": 164.87535,
    "y": 97.98351
  },
  "container-d-0": {
    "x": 212.9032,
    "y": 149.555505
  },
  "container-d-1-1": {
    "x": 241.559785,
    "y": 142.603205
  },
  "container-d-1-2": {
    "x": 252.11585499999998,
    "y": 136.85665
  },
  "container-d-1-3": {
    "x": 267.67033499999997,
    "y": 130.83657000000002
  },
  "container-d-2-1": {
    "x": 238.72752499999999,
    "y": 126.09515
  },
  "container-d-2-2": {
    "x": 238.63788,
    "y": 113.65651
  },
  "container-d-2-4": {
    "x": 274.934895,
    "y": 86.62039
  },
  "container-d-2-3": {
    "x": 251.798475,
    "y": 102.770125
  },
  "container-d-1-4": {
    "x": 291.11712,
    "y": 114.482635
  },
  "container-d-1-5": {
    "x": 301.36616499999997,
    "y": 108.61660499999999
  },
  "container-d-3-1": {
    "x": 282.98217999999997,
    "y": 100.769895
  },
  "container-d-2-5": {
    "x": 285.413,
    "y": 80.725955
  },
  "container-d-3-2": {
    "x": 293.45734,
    "y": 94.50223
  },
  "container-d-1-6-3-3": {
    "x": 324.324885,
    "y": 97.83336
  },
  "container-d-2-6-3-3": {
    "x": 308.52368,
    "y": 70.234555
  }
}