{
  "tree-a-node-0": {
    "x": 312.6487416920213,
    "y": 336.54514487223616,
    "radius": 13.517313
  },
  "tree-a-node-1-1": {
    "x": 260.41218581751525,
    "y": 311.41628494664144,
    "radius": 7.4631209
  },
  "tree-a-node-1-2": {
    "x": 236.36230355333794,
    "y": 309.6438519729763,
    "radius": 7.4631209
  },
  "tree-a-node-1-3": {
    "x": 200.81377057996707,
    "y": 306.56846427804453,
    "radius": 13.517313
  },
  "tree-a-node-1-4": {
    "x": 246.06974270222105,
    "y": 341.9820369697252,
    "radius": 7.4631209
  },
  "tree-a-node-2-2": {
    "x": 232.41341756819827,
    "y": 362.11702335652103,
    "radius": 7.4631209
  },
  "tree-a-node-2-3": {
    "x": 196.0866381127471,
    "y": 369.92709900002365,
    "radius": 13.517313
  },
  "tree-a-node-2-4": {
    "x": 312.6487416920213,
    "y": 336.54514487223616,
    "radius": 13.517313
  },
  "tree-b-node-1-1": {
    "x": 283.76284400000003,
    "y": 267.206096,
    "radius": 7.4631209
  },
  "tree-b-node-1-2": {
    "x": 262.910552,
    "y": 255.044296,
    "radius": 7.4631209
  },
  "tree-b-node-1-3": {
    "x": 231.8312926,
    "y": 237.445266,
    "radius": 13.517313
  },
  "tree-b-node-1-4": {
    "x": 289.177974,
    "y": 233.744946,
    "radius": 7.4631209
  },
  "tree-b-node-2-2": {
    "x": 289.27141900000004,
    "y": 209.317476,
    "radius": 7.4631209
  },
  "tree-b-node-2-3": {
    "x": 263.694469,
    "y": 182.255706,
    "radius": 13.517313
  },
  "tree-b-node-2-4": {
    "x": 379.29873,
    "y": 255.223786,
    "radius": 13.517313
  },
  "tree-c-node-1-1": {
    "x": 336.81179,
    "y": 210.188386,
    "radius": 7.4631209
  },
  "tree-c-node-1-2": {
    "x": 337.12618,
    "y": 187.575546,
    "radius": 7.4631209
  },
  "tree-c-node-1-3": {
    "x": 358.43441,
    "y": 164.94942600000002,
    "radius": 13.517313
  },
  "tree-c-node-1-4": {
    "x": 336.98814,
    "y": 119.945767,
    "radius": 7.4631209
  },
  "tree-c-node-1-5": {
    "x": 336.98771,
    "y": 97.22178,
    "radius": 7.4631209
  },
  "tree-c-node-1-6-3-3": {
    "x": 358.52337,
    "y": 51.636967999999996,
    "radius": 13.517313
  },
  "tree-c-node-2-1": {
    "x": 421.60194,
    "y": 209.932446,
    "radius": 7.4631209
  },
  "tree-c-node-2-2": {
    "x": 421.4308,
    "y": 187.357056,
    "radius": 7.4631209
  },
  "tree-c-node-2-3": {
    "x": 400.61634000000004,
    "y": 164.793206,
    "radius": 13.517313
  },
  "tree-c-node-2-4": {
    "x": 421.49613999999997,
    "y": 119.948422,
    "radius": 7.4631209
  },
  "tree-c-node-2-5": {
    "x": 421.61758,
    "y": 97.358811,
    "radius": 7.4631209
  },
  "tree-c-node-2-6-3-3": {
    "x": 400.29277,
    "y": 51.800374,
    "radius": 13.517313
  },
  "tree-c-node-3-1": {
    "x": 379.13864,
    "y": 119.98787399999999,
    "radius": 7.4631209
  },
  "tree-c-node-3-2": {
    "x": 379.13694,
    "y": 97.302178,
    "radius": 7.4631209
  },
  "tree-d-node-0": {
    "x": 432.98019,
    "y": 285.16245200000003,
    "radius": 13.517313
  },
  "tree-d-node-1-1": {
    "x": 490.28334599999994,
    "y": 276.382622,
    "radius": 7.4631209
  },
  "tree-d-node-1-2": {
    "x": 511.135638,
    "y": 264.757932,
    "radius": 7.4631209
  },
  "tree-d-node-1-3": {
    "x": 542.3939345,
    "y": 246.890342,
    "radius": 13.517313
  },
  "tree-d-node-1-4": {
    "x": 484.67832,
    "y": 243.332912,
    "radius": 7.4631209
  },
  "tree-d-node-2-2": {
    "x": 484.56905199999994,
    "y": 218.87379199999998,
    "radius": 7.4631209
  },
  "tree-d-node-2-3": {
    "x": 510.35172099999994,
    "y": 191.432232,
    "radius": 13.517313
  }
}